Symbol,norm_vec_FSS,norm_vec_remod,norm_vec_OSS
KIT,0.02845203353091892,-0.10062828921217443,0.22540159829283812
E2F2,0.05741991597452091,-0.020707323228618697,0.17648810056614703
ELOVL6,0.06987176211180585,-0.016131351464642285,0.11797444403794326
GLI2,0.011000419020851668,-0.009566325531532175,0.11413424167422467
CCL2,0.11412950316375632,0.21226924698531044,0.11173944552253454
PSRC1,-0.02848603339696085,-0.01442684157030511,0.09912741668856806
BDH1,-0.023335856567587045,-0.03348517921036128,0.09093232208427922
IKBKE,-0.0020550616792569,-0.01007905708647285,0.08297932183666992
BMP4,0.0026143771976252367,-0.0013663243426976276,0.08041348179052214
AURKB,0.08639138674075555,0.0076836637305775085,0.07926540981193302
FGFR2,0.0,0.07918006191247587,0.07843899882102058
CCNF,-0.01251897379971408,0.01915894775969533,0.07733938112923319
KIF20A,0.07788279478865637,0.014799046469122081,0.0772347720836685
HMGA2,0.0,0.03613582136736951,0.07719220065876348
PCNA,-0.009447460267660116,-0.016075242910006886,0.07290677313146181
CCNA2,0.05876127214649893,0.03724913620845959,0.07278800637983564
BUB1B,0.07650090299833694,0.012525103842233614,0.070252590091301
TOP2A,0.07642213493908939,0.0019396684271083008,0.0691840209121415
UBE2L6,-0.004742370739394871,-0.0157571870811455,0.0690047175419887
B4GAT1,0.012861374085359409,-0.031374886587984346,0.06794645534828504
HOXA5,-0.04833262182412341,-0.041555622414501475,0.06781314572393307
EDN1,-0.09473652000824283,0.013100958324790562,0.0673186184231867
POLE2,0.00786275942919922,-0.015255642624931579,0.06694756274860975
HOXA10,-0.06383123466203187,-0.009554642554294099,0.06601564021889293
MEST,0.0,0.06550327529123487,0.06489021616352889
SNAP25,-0.07449351754483281,0.02202018364940848,0.06454310733701747
CDC20,0.05824937150280454,0.014089135139590939,0.06379942913162577
PARP1,0.03180720684758753,-0.0080769803970835,0.06369026403477993
PRKX,-0.020068020494320948,-0.01053400439075496,0.06184778126561759
SLC37A4,0.00897107960795316,-0.034412705065883814,0.06141386603717321
GMNN,0.01502895174226925,-0.0321079391545218,0.060275794903660196
ETV1,-0.01449280274645923,-0.011138214921953108,0.05951051708045644
CCNE2,0.017810637083901362,-0.012528546544214514,0.05944666535998171
CCNB1,0.060435010613123986,0.014967111338055178,0.059330070744003136
PLS1,0.04727725902358663,-0.0012008657152428306,0.05796948189149741
LAMA3,0.04953418731235586,0.01735195835394698,0.055408172569331886
JADE2,-0.01700855824024483,0.009301616228868983,0.055049537806523954
ALDH7A1,0.01982630385525821,-0.01919241361852549,0.05462306754082105
NIPSNAP1,0.009987658990888848,-0.011313074005504874,0.05298553767788727
DENND2D,-0.0860718342482103,0.003265967374755092,0.05260566574643454
ENOSF1,0.03963387573405994,0.0017843197686239548,0.051362389204717404
CTNND1,-0.012567027600528647,0.007230399706896676,0.050995191541315564
LYRM1,0.017979932287294564,-0.001903377816942005,0.05044577733498186
EGR1,-0.16640968307954376,0.16419058582050194,0.05030932466796972
NCAPD2,0.047583425014899317,0.015802750882708595,0.04984329964512051
PAICS,0.04454313757604161,0.00606686683095356,0.049651272458013644
CDC45,0.03687739857000038,0.0028933949827616825,0.04901184183936093
PIP4K2B,-0.01243922010353863,-0.029395915740986402,0.048648493632519704
CHEK2,0.03884436514962187,-0.05719375058195746,0.04803014607759772
PHKA1,0.06052893117639399,-0.012012468303377578,0.047436934055912205
CORO1A,0.056184430094726616,-0.024678495619148328,0.045857329684228516
CXCR4,-0.0799171042132123,-0.10179217845995917,0.04559716458534498
C2CD2,0.004703603496078997,-0.025449325147811938,0.043679073550105495
CCNB2,0.029394157250681688,0.022807477340233778,0.04363572131197337
TSEN2,-0.011376906113747887,-0.06745935456415338,0.04282145306691305
CCNA1,0.05950981123175949,-0.11645069078517792,0.04253145504541159
SMAD3,-0.019828452426438103,-0.025592291836205826,0.04248451040261484
PLEKHJ1,-0.06669760117504614,0.03490916717474499,0.04238559135336023
CHMP4A,0.04841596049627915,-0.010975184860962791,0.04158575238260417
INTS3,0.049210836735548186,-0.05963590106234658,0.041470556010913956
MLEC,-0.03232915631066562,0.00562091079452588,0.041265945190168206
TIMELESS,0.057161550484727514,-0.013050964270485157,0.041242276373542254
PYGL,0.05198336194317466,-0.01459804871353875,0.04110040491960568
HADH,0.01022837807743649,-0.03021594376080809,0.04080119802176276
TRAP1,0.03314747921960812,-0.0007068602454246978,0.04077794933368828
SCRN1,-0.009602040914014258,0.0046797616042021095,0.04074200704282286
PTPRF,0.024738345078061365,0.027067280083166587,0.04046634079851129
RPA1,0.007469827136076623,-0.017675786986264347,0.038931267838717705
SOX4,-0.08736442594465783,-0.011580859637523179,0.038639215860125135
RRS1,-0.0026876109376213677,0.003906676366892612,0.03831592417352052
SUV39H1,-0.014982360575143232,0.01812582641690289,0.037860066729469025
AGL,0.002600825863118506,0.0038208715792568894,0.03772530777187046
PECR,0.0,0.03749708582993065,0.03714614260414222
TFDP1,0.0014080240945601149,-0.028149190323342673,0.03710051766214091
STAP2,0.0,0.03713413923010316,0.036786592898972355
CAT,-0.010415371222945396,-0.02777608010921928,0.03671874014591926
PAX8,0.0,0.036467701209007775,0.03612639221349212
RAI14,0.005479189900037678,0.0599829801474453,0.03540710684143514
PDLIM1,0.0,0.0349951876701964,0.03466766024303172
RAB27A,0.004106408201050534,0.006323001078870457,0.03388579564100731
ST3GAL5,-0.007890976705770453,-0.10254633816948565,0.03373815171486054
TGFBR2,-0.0644055000132949,-0.0037888209577196918,0.03317445744737668
POLG2,-0.01345933485127901,-0.05857757090614134,0.033163310784237975
MRPL19,-0.006492834944804726,-0.02070254687187657,0.033155550665413334
ZNF395,-0.04461705794704982,0.00699291348336512,0.03251953041980828
TBC1D9B,0.03404546435203469,0.0013407728748171127,0.03199223117581775
LYN,-0.030905479742497927,0.01344506709579046,0.03184828045087304
IER3,-0.025863476630098848,-0.07934716265767966,0.031667125831925214
LOXL1,-0.034791572966636035,0.011805241652178382,0.031650982312034844
AKR7A2,0.0007490410570869321,-0.02214658013320868,0.031634165186360995
PGM1,0.0008914887105755216,-0.01507407499573003,0.0315250161271539
NRAS,-0.02056441481981395,0.029301497558053148,0.03150901104394683
EML3,-0.002101340451980494,-0.01887987501123857,0.03144824136335639
MYBL2,0.0,0.03165738280558536,0.031361094606224986
IPO13,-0.003230533514559694,-0.03644255084540959,0.03134676367527038
MAT2A,-0.1304188448300691,0.030969219481049973,0.030851224539719897
ISOC1,-0.004869131814711526,-0.010517308727077282,0.03079430130886312
POLR2K,-0.024160064276335748,0.023837886315163474,0.030275037620335486
PAK1,0.033153958321011506,0.049711068772569554,0.03022890934791767
RALGDS,-0.012609821134776777,-0.009954827979721312,0.030122758409578374
STMN1,0.02864124571385525,-0.005884373547564837,0.030010141106879197
CRYZ,0.011979977120089677,-0.049124473002226644,0.029808221330484712
ECH1,0.01387138246015372,-0.037211669542466616,0.029490715819410214
BPHL,-0.006649416355750595,-0.029866762084620278,0.029377699892375892
PSMG1,0.011968625709142944,-0.0313846205155459,0.028748175805155908
MAPKAPK5,-0.028092689958117145,0.027718069863111188,0.02869087138580026
CALM3,-0.02341539417101333,-0.025199971534040702,0.02804420735765917
EED,0.03396169129020251,-0.05195762484157988,0.028034674516834168
PCCB,-0.005696211550716693,-0.026554321996586288,0.027988647077140334
HDAC6,0.035316719245033934,-0.016458236864887628,0.027888412541560187
SLC25A14,0.0,0.0,0.027620458955105225
ADH5,-0.0174733325060732,-0.010109537978940203,0.027572932999805604
EGFR,0.03875358267122743,0.06393818697516326,0.027430745897988763
LBR,-0.014959338193324285,-0.0165000191917016,0.02741272777537247
COG4,0.03813914659678152,-0.020549206787215394,0.02736749835581999
SMARCD2,-0.019756166071860717,-0.015351600238104012,0.02705414947845694
GRWD1,-0.022849730816422328,-0.03676401798344755,0.026723180739769994
ADAT1,-0.03235217979192025,0.02148621070325033,0.02657175938169789
RPA3,0.0,0.026702386766508737,0.02645247343216079
NUDCD3,-0.01861817524150012,-0.03833764953702579,0.026382267539825078
NPRL2,0.022539943719420183,-0.06379642117660624,0.026333743866689054
BRCA1,0.09982864427773845,-0.0058375523176526275,0.026067051321045462
CDC42,-0.017619133523363764,0.017384179822444213,0.02598223632305121
FAIM,0.026672627139276497,-0.0484567919233982,0.025801951940805378
TRAM2,-0.004494522469522363,-0.06403800420969688,0.025781995014325855
DERA,-0.03697713182759088,0.019804338266657562,0.02565016574955763
FASTKD5,0.0,0.007369938424798094,0.025629574091595612
MTERF3,-0.011870029140637813,-0.033315225048686,0.025614161527900615
HMGCR,-0.010051958660648558,0.005982096354274652,0.025225986432866252
MMP1,-0.007565055279753757,0.014508475880576499,0.02490760656103942
KIF14,0.05028504621422502,-0.011262324188923851,0.024884381446155963
HTRA1,-0.04070187696149911,0.04015911152903357,0.024479705543404378
CASP2,-0.017593202185400912,-0.04817148902043341,0.02437470889109711
PRKCQ,0.01764164840366394,-0.00043330850720758364,0.024251181446065494
SESN1,-0.02963941486527512,-0.04281438011587879,0.0242334623819285
SMC1A,0.04645367743082663,-0.006252128175315781,0.024191341139914824
GNPDA1,-0.007019881254585504,-0.03647044692823545,0.024150279163799273
GHR,0.04574053004661191,-0.005409313064336261,0.02403633924406349
POLR1C,-0.04515525852550068,-0.02372483559387663,0.02393547764948904
NR2F6,-0.0038731658742938665,-0.07251837647380549,0.02362671939394675
HMG20B,0.021986864271449823,-0.0039751218343374315,0.023574745026521193
NPEPL1,0.0,0.023696438375292513,0.023474658353217194
TRIM13,-0.006082959970547174,-0.053781131413803904,0.023435529798440578
RAD51C,0.0037926913719562544,-0.052388463523710745,0.023370815115668967
WASF3,-0.03869121038540425,0.00925875695624848,0.023353064430209194
SPTLC2,0.026384953458428964,-0.023714387018022958,0.023348157043124464
RFC2,0.0,0.023567615572580154,0.023347041230598064
CCDC86,0.059393206881440716,-0.03465095527477042,0.023206394130033225
RPS6KA1,0.006305974711455485,-0.050641379800834,0.023014199180717565
CSK,0.0013708736905882167,-0.00154996796650998,0.022982602095012756
CETN3,0.0,0.03865442911619522,0.022975197968116617
NRIP1,0.006771375049061627,0.012258258621109136,0.022886174668886334
SPR,0.010863475921078386,-0.05144834402448278,0.022869023237235563
TP53BP1,0.020785852158533184,-0.05361360043820191,0.022671405260738103
AURKA,-0.019518864603787597,-0.014966131941442647,0.022482769147555672
TSPAN4,-0.020780972867117185,0.010593639516159612,0.022414327317600128
USP22,0.0,0.0,0.0223650240972027
SERPINE1,-0.029935665243457237,0.0691489816153523,0.022040893608359233
WFS1,0.004226233740256951,-0.02822559146997042,0.021970901062601668
NOLC1,0.046092050479727066,-0.013624662878584371,0.021852888267249806
COQ8A,-0.03849231581358837,-0.03658599752486704,0.02181413949922883
CDK19,0.02002897653593736,-0.010594382831460419,0.02169645122852217
UBE3B,-0.007638474659309509,-0.025123183347740014,0.021645639249211576
PHKB,0.015501976918048437,-0.02556686009139569,0.021599241299554445
VDAC1,0.00407161813638019,0.036413367948685424,0.02154098146692041
RRP1B,0.004806020575784226,-0.016143585776549448,0.021446071188276683
LSM5,-0.020983630904772992,0.00942179325026388,0.02136969199252827
KIAA0100,-0.0009225340358579269,-0.015330166218906758,0.021348804075908195
WDR7,0.004559411455107822,-0.006357722479511795,0.02133243040115336
KHDC4,-0.04575552285396931,0.04693052163445036,0.021272860586267834
HDGFL3,-0.04471475593807198,0.05693282959872913,0.021258185012816545
ERBB2,-0.01701608189323549,0.02733351542709593,0.021147841779830687
SLC27A3,0.027554277463574722,-0.10331290973656046,0.020864039877703838
UTP14A,0.041986362914048954,0.015119739898749355,0.02086272534237512
EVL,0.0,0.020983666739175604,0.02078727612557657
ZNF318,0.0,0.07172408722367804,0.020780476585664946
EBNA1BP2,0.018691351709540817,-0.0029245572196580005,0.020491727433618087
MAPK1IP1L,-0.0041282496712499485,0.01856575181949689,0.020164782504336728
ASAH1,0.0,0.020186500270488943,0.01999757050793524
CHEK1,0.0,0.02016625715047141,0.019977516847596553
PXMP2,-0.04139707712735565,-0.004006253488991116,0.019776346158745944
TARBP1,0.01635290600636617,-0.07028064483903783,0.01961441901012276
VAV3,-0.01838415289545259,-0.12218032005777567,0.01951152232064213
DUSP6,-0.05562803479749509,0.0349566094160883,0.01945985834259796
POLR2I,-0.03492709440985528,-0.0008325129497418153,0.01920924140290641
MSH6,0.005704540253608144,-0.0015018972844448727,0.01877165438808258
TNFRSF21,-0.034986164173553186,0.03442696060506321,0.01849306487210735
CRKL,-0.011521294115147662,-0.01613237868597261,0.01848942156614476
ELAC2,0.011329782085022808,-0.017311109034618227,0.018265729733064413
JPT2,-0.009944735756876986,-0.005951890508827952,0.018202932787205518
DNAJA3,0.014596436647014202,-0.02359875320580865,0.018166430859855517
DHRS7,-0.03259090771754905,0.032156303236323465,0.018137644320393664
PIK3R3,-0.009573762951282854,-0.0638329062563887,0.01803444816376509
PFKL,0.0,0.01812221571345785,0.017952606030461143
COASY,0.0033523554739729555,-0.013725924528560798,0.01792467399736178
KLHL9,-0.05554140746406905,-0.021277572038077817,0.01791693221436911
STXBP2,0.0,0.018051972500096915,0.01788302023831951
RAC2,0.044560311206816305,-0.02487375725236192,0.017736309274978115
NUP62,0.029474755794124535,0.0038693749685964167,0.017619758683218863
EFCAB14,-0.017821141557790163,-0.020425463398746395,0.017564812081674534
KIAA0753,0.028844726038693223,0.0037583791496251483,0.017234936701651757
HMGCS1,-0.01759384158054843,0.0410223105358873,0.017212464984573673
DFFB,-0.046791503361224035,0.03193842941119171,0.01710302382959457
ADO,-0.04536936511597134,0.03273141681316449,0.0170942019282586
MCM3,0.01598819694474069,-0.006171035321576278,0.01707589217868359
SPRED2,0.006897138597484164,0.045509915301657156,0.016852654337346576
NFATC3,0.008074391695298751,-0.014161946814374264,0.01613003088938562
ACAA1,0.0,0.016152398389696534,0.016001224647267324
NNT,-0.008813142649475829,-0.027287714352294684,0.015418202189076764
ATMIN,0.0,-0.0004894148013875923,0.015374119706437395
GNAI1,0.001970802899929231,-0.043350982888891325,0.015299536451614698
BLMH,0.0,0.015246258793395692,0.015103565804761125
HACD3,0.012937662439854513,-0.030108569300252738,0.015011117434258326
AXIN1,0.0,-0.008914600450100948,0.014913103808543654
TXLNA,0.0,0.05121553494914496,0.014838574682922743
TCTN1,0.0,0.014977439018663934,0.014837261971650221
PSME2,0.0,0.014791148807768386,0.014652715290580988
CTNNAL1,0.031228370943225135,0.01341548525199062,0.014624979158534522
C5,0.053358804928991074,-0.05264725752638546,0.014614564412811703
CHERP,0.02436823703427957,0.0028411794778174823,0.014463453504268711
HEATR1,0.010978738691157765,-0.012036925702017481,0.014341264245861098
GALE,0.0,0.014455450147868863,0.014320158506056325
SKP1,-0.018455585765166666,0.004182715712560769,0.013779247455931462
OXA1L,0.0,0.013903506285638342,0.013773380404182323
NUP133,-0.004863865759867638,-0.019119151397774474,0.013635626207346842
DNMT3A,0.02327560048842519,0.0020465604133210516,0.013621619468614574
C2CD5,0.01628063958254512,-0.0466468531205369,0.013522503851438335
CCND1,0.0,0.046247356529943724,0.013399154269085332
RUVBL1,0.02670290358824615,-0.04003789902979356,0.013059141094759339
LAGE3,0.010362501530232522,-0.06738800704860291,0.012838155657153742
DFFA,0.019283058881308393,0.006981757657896812,0.012816632348848547
STAT1,0.011265994559846561,-0.011265404677166935,0.012768535249629667
TCFL5,0.030306379328319186,-0.014640077153136722,0.012722558931680762
STIMATE,-0.046107543441621095,0.0170076713600395,0.012662426569295998
CNDP2,0.005821401442137244,-0.008245841174190508,0.012502518294343326
UBE2C,0.04548516036384871,-0.04487860915347083,0.012458033999246582
MLLT11,0.00893786090183912,-0.01285510701290174,0.012448212705850302
RAE1,0.009392812734040488,0.01672387776485378,0.01240031507421889
ICAM3,-0.038262206591296026,0.020313994454373492,0.012304256783741497
MOK,0.044582560997331634,-0.043988046080414483,0.012210819006360563
AKAP8,0.0,-0.020120739722468493,0.012196836029986693
DUSP14,0.0,-0.021837934510149138,0.01215099526838262
CIAO3,-0.04868062227887744,0.01350063298769827,0.012077989362612743
LSM6,-0.026078285550334916,-0.03434257142687107,0.012061460276664838
FKBP14,-0.048738046322722314,0.024122794279298445,0.012008796490734911
YTHDF1,0.0,-0.010031891395737486,0.011665004352540627
PMM2,-0.023023612598207066,0.02831497595265553,0.011578014506757186
TM9SF3,-0.01922530386789781,0.01816979584232159,0.011539094181640267
PTK2B,0.0,0.039477883549435946,0.01143784837849892
FPGS,0.0,0.01132139203478975,0.011215432711467264
EPN2,-0.02552616807235949,0.023702197788191517,0.011149364296875035
SLC5A6,-0.0007890649100526458,-0.037983202862467126,0.011140820335752573
GFOD1,0.03996714215930853,-0.039434174521992243,0.010946691445967157
CEMIP2,-0.0033544347230256284,-0.015943249985433748,0.010930379164582272
CAPN1,0.024912696003243164,-0.010473105717839569,0.010910696800531916
CDK1,0.039577163949747675,-0.039049396728416244,0.010839879427392068
CASP7,0.0,0.037104274801535664,0.0107501474551613
CBR1,0.0,0.037096456186150976,0.01074788218333669
DNMT1,0.0843927839199138,-0.02464482203194452,0.010677433430736781
BLCAP,-0.07538590355376659,-0.006946062681719654,0.010633986498298876
RASA1,0.0,0.036209271279008366,0.010490839871560206
STUB1,-0.004869399231825129,-0.023193960007436037,0.010363967916352695
MRPL12,0.014831386670076748,-0.0504482563041641,0.01032744791740257
IFRD2,-0.002271743478825232,-0.05934735125863657,0.010151841392937693
PNKP,0.0,-0.0018223651621798215,0.010132931713377083
HES1,-0.07302033088182587,-0.06025228630819976,0.010009801652846246
HDAC2,0.02316370963747865,-0.010752167532439892,0.009850837920205817
KIF2C,0.0,0.03317126248780048,0.009610643650228602
NUDT9,0.022686299398420054,-0.01094935302355265,0.009526474175735034
ILK,0.0,0.03279953335596436,0.009502943311063047
BIRC5,0.034025212622394344,-0.03357148147723869,0.00931924285394595
CDK5R1,0.03396054771857317,-0.03350767888928862,0.009301531636398996
ACOT9,-0.010181947484359495,0.02565638033667648,0.009180008535752685
IGF2R,0.016060956566453753,0.04094981247189041,0.009169981798360387
PAF1,0.023186288110797905,-0.013156365106597144,0.009166913009304981
PIK3R4,-0.02745170668218228,0.015652933704102687,0.009140288193098312
NUSAP1,0.03328654255713148,-0.03284266168442889,0.009116926830133832
ASCC3,0.017450912956891593,-0.0027787161914645344,0.008963193769307662
SMC4,0.0785514816539169,-0.005681809095068211,0.008950410924188754
DAXX,0.0,0.03075449472954522,0.008910438352992921
MELK,0.03215338477221077,-0.03172461472291728,0.008806563667772131
PLK1,0.03214675558695669,-0.03171807393881002,0.008804747985149007
COL4A1,0.0,0.030291736079069594,0.008776364213143177
SNX11,-0.05154305805929984,0.006488456104705178,0.008672985705050517
NOL3,-0.01055643159597159,-0.05530249773940023,0.00860509958230316
MYC,0.0,0.029681738324606605,0.008599630781675516
HSPD1,0.0313738245881584,-0.030955450086982507,0.008593048156346072
CDCA4,-0.02632436666592481,0.014315921925874102,0.008563800123130724
NET1,0.03028719997693828,-0.02988331577255127,0.008295430070739464
COG2,-0.04301907432268824,0.003702473917580966,0.008289428327647202
SKIV2L,0.030218031090430236,-0.029815069263176702,0.008276485247132948
NT5DC2,-0.04577400064915632,0.0017713455865223462,0.008192082440911578
CANT1,0.0,0.02773902286320663,0.008036771709906054
BHLHE40,-0.0438331967909015,-0.009490195301038434,0.007974084544917949
NISCH,0.016303621379824336,-0.026980833600561492,0.00782887439034311
FKBP4,0.05218525294046742,-0.01447878439593095,0.007818682884265012
ARHGEF2,0.0,0.026756664972925375,0.007752155119748966
PXN,0.01305079134671578,-0.036126630154057045,0.0076417340683074065
SCARB1,0.02776189471264419,-0.0273916858202134,0.007603768469694376
NVL,0.027640213339906704,-0.027271627086229384,0.007570440881828083
TMEM109,0.0019990993229915864,-0.04098337863379695,0.007371927329020369
TBC1D31,0.0,0.024995887735681652,0.007242008646403039
G3BP1,-0.01923655728248398,0.013567478983818637,0.007157931025610949
BIRC2,-0.029662791737418173,0.015404014979926705,0.007091343985338408
CDK4,-0.012405748988496522,-0.04768477684741532,0.0070851744644151475
CCP110,0.0,0.024041996649268843,0.006965639686493404
CENPE,0.025424347856227974,-0.025085310490152866,0.006963532445920554
PDGFA,-0.025255533720812264,0.08741701731223041,0.006958380781703515
VAPB,0.0,0.023896192057428815,0.006923396013215762
RXYLT1,-0.028671993438687225,0.0072572503713224405,0.006912534336255889
CDK6,-0.03530867124931495,0.003325301747963847,0.006886682796231846
MAP3K4,0.01628348744445986,-0.020709064594454776,0.006843908222538089
WASHC5,-0.03020475674413292,0.005987263916816932,0.006801714298108075
MBNL1,-0.060386520662416884,0.05125788179059461,0.006697462143724897
RBM6,0.024256976038818965,-0.02393350574523841,0.006643798324402483
FBXO21,-0.03618010552357305,0.0019698594695587127,0.006640161744320554
DPH2,-0.04086538558593915,-0.0010506930707947805,0.006551008032008649
MPZL1,-0.016509147659743564,-0.0042427973132785155,0.00639670869495095
ALDOA,-0.022063351152795743,0.004223718537018796,0.0062617482377693824
CNPY3,0.02277951114964636,-0.02247574306464658,0.006239132106348769
RFC5,0.022470527278250274,-0.02217087953798894,0.006154503811223955
SLC35F2,0.00089814580950662,-0.033195182252762565,0.0058979816431076835
ZMYM2,-0.030165800767162358,0.0025775681060666465,0.005807294830684969
ABCF3,0.0,0.01976748697696036,0.005727194533701263
ARHGAP1,0.0,0.019532757774861586,0.005659186910641893
PWP1,-0.01397476469251713,0.010626267462884061,0.005631215945247571
PRKCD,0.018612487662977895,0.029955342002764902,0.005556540570251898
APBB2,0.019760994467158868,-0.019497478739909674,0.005412383708477664
HS2ST1,-0.016225061852519373,0.009040050085258246,0.005341010954603188
PRPF4,0.0,0.018348996335849667,0.005316218072437152
GATA2,0.043621694088482106,-0.01455893540700204,0.00531071148675809
DNM1L,0.019154421737407685,-0.018898994745483812,0.005246248124260574
SACM1L,0.0,0.0178898026276101,0.005183176796183632
TIMM22,-0.020148736899867216,0.0060992214332738215,0.00514719149522998
ARHGEF12,-0.009693637800981997,0.049279728472624344,0.005124309595870464
RAB11FIP2,-0.04470263835210121,0.023919072107434856,0.0051067613502228815
PAN2,0.013779058026070639,-0.059393948599493526,0.005099381783394018
TIPARP,-0.04709196990544022,0.0087525021799665,0.005067299100376239
YKT6,-0.01976453460943045,0.041334033330703394,0.005058058656790812
ARPP19,-0.031297257075564106,-0.0011837440701472676,0.004907346214413978
NOSIP,-0.02665963078474684,0.0008564766841330698,0.004887757866761933
HTATSF1,0.0,0.01683044715700516,0.004876251850814168
RPA2,0.0,0.016763243344836275,0.004856781024494862
NOTCH1,0.01745792551096579,-0.01722512154227232,0.004781590915194107
CEBPZ,0.0,0.015982076445426277,0.004630455098421217
ZDHHC6,-0.021742336220514115,0.003382138741157994,0.004627312774335916
BAMBI,0.06438124724045072,-0.01804374090667327,0.004626002338677057
POP4,-0.020777861287016412,0.0038610593278931094,0.0046042727958808295
CPNE3,0.0,0.015677900712478578,0.004542326870637225
COPB2,0.0,0.015560090271565791,0.004508193886814088
PLA2G4A,-0.019282526456438513,-0.03300437730006191,0.0044891315913708
LIPA,0.0,0.015455188471072223,0.00447780089760598
ATF1,0.0,0.01527102208997224,0.004424442739719915
ITGB1BP1,0.0,0.014844428201181219,0.004300846544065814
TJP1,0.05579040716785333,0.007858215788225504,0.004276318666514911
PAFAH1B3,0.004588547345581239,-0.009972142945450247,0.004260124865186471
FRS2,0.001104066197183509,0.02784822812151973,0.004258939359503881
ICMT,0.0,0.014589213528743995,0.004226903706586956
CHMP6,-0.02450224525735469,0.000391715452986353,0.004223895355417405
IARS2,0.0,0.01420508152986055,0.004115609909515574
HIF1A,0.014846542715025772,-0.014648561914657241,0.0040663533432776814
SLC25A46,0.0,0.013910968164088345,0.004030397031282629
PRKCH,-0.05516571232033255,-0.01805236779582854,0.004024115735466451
DCUN1D4,-0.023871271145459682,-0.0007078106248071109,0.0037994820186864377
CLSTN1,0.0,0.012970977829251572,0.0037580555083726185
MBTPS1,0.0,0.012969816591361918,0.0037577190652373985
FBXL12,-0.01539526031437561,0.013354127661563079,0.003738830746538656
PROS1,0.0,0.012505804309929204,0.00362328171339348
XPO7,0.0,0.011968842812207515,0.003467708930765924
CASP3,-0.0004934568172615864,0.03852127285621594,0.0034342552702420707
NMT1,0.0,0.01184965394338175,0.003433176577775755
SMARCC1,0.0,0.01124572327348483,0.0032582009506057683
NGRN,0.0,0.010889469716335236,0.0031549843187953183
SLC35B1,-0.04944243644824621,0.003763786904336335,0.002936444943498819
DCTD,0.0,0.00962143454158212,0.002787599019396796
SIRT3,-0.01987010410020014,-0.0061900827519500165,0.0026815932970899706
RFX5,-0.032492470368349076,-0.010938160901727076,0.002258858490381273
EIF5,0.005529218792141768,0.017294399563888552,0.0022030487309458472
CDC25B,0.03121036675449534,-0.052953671676171175,0.0021280507177989707
DYRK3,0.014419452855284131,-0.005041559037713081,0.0018470512805175364
PIK3CA,-0.00019504320966458856,0.009499292025722871,0.0018244994887394773
LAP3,0.003338711930827641,-0.02756746559412083,0.0013141080675515737
PLSCR1,-0.0036283851833887088,-0.028933299846612696,0.0004986381145000955
CDK7,0.021924834287034425,0.01104509106389338,0.00041288147758526336
RALB,0.017897893086275273,-0.03868827497927979,0.00035145985264020175
LPAR2,0.0,0.0,0.0
CRTAP,0.0,0.0,0.0
RAB4A,0.0,0.0,0.0
GAPDH,0.0,0.0,0.0
PIH1D1,-0.021749111892155566,-0.012593015132421266,0.0
TWF2,0.0,0.0,0.0
ARL4C,0.0,0.0,0.0
PLP2,0.0,0.0,0.0
GLOD4,-0.021617443740319476,-0.012516777581354738,0.0
PDS5A,0.047259398729662755,0.02736379886695176,0.0
IGFBP3,0.0,0.0,0.0
RRAGA,-0.034662792555819395,-0.020070202100751167,0.0
MRPS2,0.0,0.0,0.0
WDR61,-0.02901586002084352,-0.016800555633468904,0.0
FGFR4,0.0,0.0,0.0
MAST2,0.05680612414404353,0.032891475500576924,0.0
CBR3,0.0,0.0,0.0
HOMER2,0.08254737471758196,0.04779599020478123,0.0
WDTC1,0.0,0.0,0.0
TIMM17B,-0.04054603338975196,-0.023476674108286952,0.0
TSPAN6,-0.02287506086730432,-0.013244954050786784,0.0
HSPA4,0.02702427183839819,0.01564740049575814,0.0
MYL9,0.028061808201269238,0.01624814737603811,0.0
SLC25A4,-0.026184949621100448,-0.01516142215163918,0.0
MVP,0.0,0.0,0.0
ETFB,-0.022355069437507646,-0.012943872334134217,0.0
SLC2A6,0.0,0.0,0.0
PRSS23,-0.041045864393714195,-0.023766082679439682,0.0
ZW10,0.031008315317250332,0.017954212841300627,0.0
METRN,-0.03835282777700154,-0.022206779888843488,0.0
STK25,0.0,0.0,0.0
DNAJB2,0.026264815696174157,0.015207665634911384,0.0
USP1,0.025909518417487173,0.015001943947092627,0.0
POLD4,0.0,0.0,0.0
USP6NL,-0.02157298079308455,-0.012491032963821026,0.0
ME2,0.022657507525071126,0.013118987871365933,0.0
LYPLA1,-0.030211274416127476,-0.017492715922310612,0.0
CLPX,0.032341717552650466,0.018726269861893477,0.0
BACE2,-0.02179714402938943,-0.012620826356807247,0.0
SOX2,0.15377280049497957,0.08903642655342238,0.0
TRIM2,0.024431915150707775,0.014146392677204713,0.0
CYCS,0.024015852100593708,0.013905486827250556,0.0
XPNPEP1,0.0,0.0,0.0
EIF4G1,0.03749480564256401,0.02170997405251776,0.0
AKT1,0.0,0.0,0.0
COPS7A,0.0,0.0,0.0
TIMP2,0.0,0.0,0.0
PPP2R5E,0.01881460340280347,0.010893897026088003,0.0
EPHB2,0.026066774634380552,0.015092997316481924,0.0
RPIA,-0.028477761782472272,-0.016488989842086754,0.0
KAT6A,0.028041080712379804,0.01623614589374605,0.0
SLC25A13,-0.025900548422868985,-0.014996750204997562,0.0
ARID4B,0.052259000825840826,0.030258632695820135,0.0
MYCBP,-0.0633216883567397,-0.03666407086601524,0.0
RRP12,0.02947534887398371,0.017066605581138733,0.0
DUSP22,-0.025548467862154877,-0.014792891038200811,0.0
PHKG2,0.0,0.0,0.0
DAG1,0.021118728360104814,0.012228014970680982,0.0
SLC35A3,0.032641263144991384,0.018899710607239946,0.0
CPSF4,0.0,0.0,0.0
HSD17B11,0.0,0.0,0.0
FCHO1,0.0,0.0,0.0
CDK2,0.0,0.0,0.0
LRPAP1,0.02647408494883416,0.015328835220068029,0.0
POLB,-0.018813786349786782,-0.010893423941897063,0.0
FOXO3,0.03367118554038032,0.019496048902553534,0.0
KIF5C,0.16790309440546491,0.0972180482179135,0.0
NUP85,-0.033364209482538085,-0.019318305822244468,0.0
CEBPD,0.03733790546636481,0.0216191268352634,0.0
SNCA,-0.04233249696976142,-0.024511059466554967,0.0
ITFG1,0.0,0.0,0.0
DECR1,0.0,0.0,0.0
GAA,0.02770443463658497,0.016041223491958984,0.0
IKZF1,0.12116927656952263,0.0701585674390176,0.0
CEP57,0.0,0.0,0.0
ACLY,0.023311764037188078,0.013497810795190494,0.0
CDC25A,0.021458060971280456,0.012424492910959555,0.0
SMC3,0.031692247710251115,0.018350218481315673,0.0
CAST,0.06941879255479624,0.04019437250825234,0.0
CD44,0.04616886781783247,0.026732367462159307,0.0
PIGB,0.0,0.0,0.0
SMARCA4,0.03666916225331786,0.02123191592553234,0.0
FAM20B,0.02453115653698633,0.014203854714522157,0.0
PCBD1,0.0,0.0,0.0
RNF167,-0.0202018982179299,-0.011697158542541821,0.0
FSD1,0.0,0.0,0.0
OXSR1,0.018512687803909494,0.01071908401650681,0.0
CYB561,-0.03256688046468041,-0.018856642079964406,0.0
PRKAG2,-0.0239659683477814,-0.013876603493662393,0.0
CREG1,0.0,0.0,0.0
TRAPPC6A,-0.02680366428177735,-0.015519665886978335,0.0
SHC1,-0.026747323101218513,-0.015487043619785357,0.0
ADI1,0.0,0.0,0.0
PSIP1,0.04036470411698208,0.0033091294150709373,-9.82085937381917e-05
ITGB5,0.0063851938084223065,0.008100088737433704,-0.0005681047990661719
NR3C1,-0.009989756773086864,0.0010539198405896451,-0.0007150766807410419
TLE1,0.017606331449672646,-0.0365375902479094,-0.000730700862917945
PDHX,-0.010861908340366514,0.01241098509220934,-0.0007390813461936968
TMCO1,-0.03982784607333862,0.02088028907397835,-0.0008644237659528294
PNP,0.004036038158414833,0.002162719373146773,-0.0011074856611500326
TMEM50A,-0.030091325770058384,0.0012692060606856448,-0.001608859682243268
USP7,0.008132292076124729,0.013755805545741828,-0.0021634065474125438
TXNRD1,-0.04502600030910616,0.006375069451866038,-0.0026229138895465564
ANO10,0.02152185306483498,0.002465725970373334,-0.0028960351832889504
ADGRE5,-0.004303258988088156,-0.11702774528337231,-0.003115054728361284
MYLK,-0.015063206340263091,0.036951645358766494,-0.0031905518012664705
STAT5B,0.0,-0.011365926631419984,-0.003293027229500053
RPS6,0.0,-0.011996270094200177,-0.0034756553824158345
TP53,0.027230536636626994,-0.04633952588706417,-0.0035098414001046075
BLVRA,0.0,-0.013127476246034964,-0.0038033974821996106
ABL1,0.0,-0.013287156707124017,-0.0038496613833699533
TOR1A,0.0,-0.013502287177143113,-0.003911990704915074
MTA1,0.022992252811121276,-0.0011295832482825382,-0.004184365670485209
SQOR,0.0,-0.014586318527860452,-0.004226064943761179
GOLT1B,-0.003079800853532123,0.02953412846016137,-0.004251766963272567
TCTA,0.0,-0.014763359730830245,-0.004277358738013847
NCK1,0.0,-0.014810941672536939,-0.004291144558981535
IFNAR1,0.019994867073911644,0.036236908304864306,-0.004313838246963431
PRKACA,0.022221025890772024,-0.0021996858125594336,-0.004365026225171955
TCEA2,0.0,-0.015351713771386277,-0.004447821379465488
GNB5,-0.0009259688853134717,-0.02440146525806402,-0.004451318528025537
TIMM9,0.0,-0.015840811431171022,-0.0045895266678934055
CALU,-0.0007512534262736821,0.03652116780331718,-0.004603790484397238
DCK,-0.01696346193797296,0.016737251712739716,-0.00464616116284284
MEF2C,-0.047505686370299734,-0.05465162148930507,-0.004658772476114422
PSMD4,0.0,-0.016314997571167073,-0.004726911671465563
FZD1,0.0,-0.01639856625344093,-0.004751123858925977
PPP2R3C,0.017249269346265597,-0.00644858042841629,-0.004762006818359734
SORBS3,0.023302875251025926,-0.003920936244710594,-0.0050452076519726516
PPOX,-0.009108260268928237,-0.04961548743613188,-0.005063264472504795
TCEAL4,0.01815234002770525,-0.0070501120440468095,-0.005087783110002122
GRN,-0.018889479030810247,0.018637585088304733,-0.005173682363906201
CRELD2,0.0,-0.018160269325758323,-0.005261538572619258
PRAF2,0.0036158576193907324,0.03226897029339558,-0.005278732091238285
CSRP1,0.02416147538268795,-0.004377328590259133,-0.005321472820672162
MAN2B1,0.02544292104415726,0.04519442592263067,-0.005328991970831608
HPRT1,0.0264019767723908,-0.0034801157378449793,-0.005437383210523336
TEX10,0.0,-0.018890531833589613,-0.005473116070957465
ARFIP2,-0.024070824955597456,0.014606343931803756,-0.00553598284465044
GATA3,-0.022304908215468267,-0.028944771835054693,-0.005538645466758521
STK10,0.019901606482621174,0.03022376448772479,-0.005633534035483037
MYCBP2,-0.020806792237585404,0.02052933064539062,-0.005698819637824526
CLIC4,0.03643868397297496,0.0013342288222323354,-0.005726252987730457
TRIB1,0.02896027932240276,0.015606047761088109,-0.0058462291587655785
IQGAP1,0.04068817551331678,0.05780546668714929,-0.005990919555722726
NPDC1,0.0,-0.020867825028192656,-0.006045993280329304
SPAG7,0.0,-0.021038967114543207,-0.006095577935302167
TCERG1,0.036617602954786846,2.4550049864475183e-05,-0.006135718378321464
NOS3,0.08096645305511604,-0.08879633727923913,-0.0061448865843795495
CTTN,0.005638726418165153,0.03843422810775697,-0.006152357292768394
PCM1,0.04926803787493484,0.06408301455449782,-0.006220031836081703
IL4R,0.0,-0.022003998886985003,-0.00637517466393128
TBPL1,0.009560027883427798,0.01580316290461414,-0.006402875029629426
APP,0.008608998661760296,0.043452827166818794,-0.006729429135270195
GDPD5,0.0276555019438414,-0.040434521573698125,-0.006787628171977466
TPD52L2,0.00010367963185559071,0.01684511677561911,-0.0068444858144524265
PSMD9,-0.025074912806471755,0.024740535207465348,-0.006867824885574095
RNMT,-0.0251369626324235,0.02480175758998865,-0.006884819853497051
ELP1,0.032176665678933396,-0.05573145404757526,-0.0069489693392202284
SYPL1,-0.02557133575400992,0.025230338282999542,-0.007003791295474938
KCTD5,0.004493962747114187,0.023604137532473948,-0.007056363111666571
SATB1,-0.05268322087057449,0.010423896011612928,-0.0071597788911680095
CERK,-0.06399975629281998,0.003879220494951313,-0.007161133562557647
PKIG,0.025761902526640724,-0.009879846327036425,-0.00718418793056635
SUZ12,0.04344966634424666,-0.00035149429368761263,-0.007390790188306578
PAK4,0.018759857207697826,-0.026750962552006388,-0.007544019117087183
NENF,0.04999650775099566,0.0026076261032441914,-0.007631723611055872
SUPV3L1,0.02805556714983687,-0.010221714804444459,-0.00766801334403808
TSKU,-0.02100068851561638,-0.034539111492393415,-0.00770263637281826
RFNG,0.0,-0.026632398002887914,-0.007716151498633765
DHDDS,-0.010841435438911896,0.03788756941352711,-0.007725999312355691
ZNF589,0.01562742094756452,-0.013881945664532883,-0.00782604910605121
ZNF586,0.0,-0.027161174296730685,-0.007869352798484212
CIAPIN1,-0.01844745462778829,0.00844318085867693,-0.007879860620425522
DDB2,-0.0006425343275647448,-0.03206995152074077,-0.00790182574611225
RBM34,0.009095655811550172,0.02336310185683063,-0.007999594885812741
TOPBP1,0.018578746293200686,0.057378645956295285,-0.008155712697505925
CHN1,0.0,-0.02822410686912114,-0.008177314130411884
MMP2,0.01256433590373321,0.05444845881828172,-0.00825231786169014
INSIG1,-0.04908776286280799,0.01748148559457862,-0.008377409563902512
MACF1,-0.030898056797501808,0.03048602672881716,-0.0084627390343306
RNPS1,-0.001785651959718975,0.015304508798171076,-0.0085746049420037
BCL2,0.0,-0.029917179744648782,-0.008667844754217604
CRK,-0.016121710239287202,0.003307864238440395,-0.008688201688011928
GPATCH8,0.039232826055444925,0.033908348416124764,-0.00874013445731218
ANXA7,-0.018824211106616043,0.023019807739915202,-0.008818220084748384
PLA2G15,0.0009751876737554616,0.01986356660990093,-0.00888857904155023
ECD,0.0,-0.030779872511559593,-0.008917791007106192
CCDC85B,0.0,-0.031099663981167695,-0.00901044355109413
KDM3A,-0.011720296647459317,0.012465510477335682,-0.009076197549358346
GTF2A2,-0.0012180478828579188,0.021384196275601855,-0.009135444063010022
UBE2A,0.004139638234143699,0.0028782299659329885,-0.009263781816304734
TXNDC9,-0.017487517051429192,0.043188462466451985,-0.009326492669392663
ATF5,0.0,0.0051233242699172355,-0.009333569235967353
ENOPH1,-0.019260198580515225,0.0048940625334401265,-0.009363078469482528
MAMLD1,0.0,-0.03277386159267297,-0.009495505482341352
NCK2,-0.022632560481107344,0.014255195929026201,-0.009577369032787022
MAPKAPK2,-0.010032902034292126,0.020445041913017385,-0.009675039264713067
UBE2J1,-0.028250554420004455,0.010279266350216965,-0.009707192791601498
IL13RA1,-0.008608448352276404,0.05075837418469591,-0.009751378444707142
GNAS,0.021520480393248567,0.020199751161343905,-0.00982139878981779
BCL7B,-0.012372136013823972,-0.0022922535937789216,-0.009929328621529301
RPS5,-0.020281843194641398,0.004579005312897053,-0.010026231799286014
PTPN1,-0.01220542928162577,0.050567638344304215,-0.010082349411172867
PGRMC1,-0.008312361497756248,0.021808723817655026,-0.010163317053688168
PDIA5,-0.037464360682615064,0.0369647679992806,-0.010261198936324096
DRAP1,0.01030115243329128,0.0212900430346143,-0.01030877124246679
CSNK1E,0.0,-0.03676873990614257,-0.010652933599854296
ACBD3,0.011713132179585892,0.04863653333962724,-0.010710627522489375
PTPN12,0.030230285277328708,-0.019646361241124205,-0.010763419864491109
HEBP1,-0.02218226087848678,0.005676756907804995,-0.010771953976195193
ST7,-0.008315473024220801,-0.005512767212324243,-0.010779337419179634
AMDHD2,0.0,-0.037265041589634895,-0.010796726095687322
TRAPPC3,0.0,-0.011025670037072983,-0.010922478439015497
TUBB6,-0.023506943816773585,0.007043560069669383,-0.011117452991471363
CNOT4,0.02324448641878546,0.007250239934784338,-0.01122816085826066
ZMIZ1,0.06055134319553332,-0.003828105023507465,-0.011266974598474618
EZH2,0.02660888467790873,-0.023487509790313763,-0.011268795633480037
DIPK1A,0.0,-0.03993792248278985,-0.011571134540137227
FHL2,0.029992265367491024,-0.022909008694883833,-0.011668770873019266
PYCR1,-0.022085881346414284,0.0023471225252835507,-0.011682693207826835
LSR,0.0,-0.04078872412615803,-0.011817635601543848
CIRBP,-0.04366896500710332,0.04308663302521897,-0.011960592123201422
MUC1,0.0,-0.04133178440127683,-0.011974975370769733
MBNL2,0.004147180698182698,0.012555197957517207,-0.012224220525410426
ATP6V1D,0.0006872349694719439,0.008836982018742341,-0.012294316031998168
TP53BP2,0.02192462925158083,0.02431301882286907,-0.012385854697920504
BTK,-0.04525333304287878,0.04464987328344905,-0.012394538287161699
CREB1,0.01804932678498357,-0.032611669033266025,-0.012476400866027833
DDR1,0.0,-0.043322608285117144,-0.012551772799718666
TNIP1,0.0032573934715625077,0.026492465495442145,-0.012613956420878826
FDFT1,-0.04626315335573527,0.04564622749597461,-0.012671120268846755
PPARD,0.004559282231339659,0.02301335004249122,-0.012731537501759585
UBE3C,0.0,-0.013125167078579417,-0.013002325839810614
REEP5,0.015269731954596183,-0.004425623857250999,-0.01314282614976748
CAMSAP2,0.008543192273305618,0.005376379168437902,-0.013190753571432649
CHP1,-0.028000187282674036,0.007568623891712075,-0.0134804504887096
MAPK9,-0.004648845559258017,0.016010082922881357,-0.01358005291223868
STAT3,0.006227285918099197,0.025692770009143096,-0.013583183049464842
CCDC92,0.0037967014875623195,0.016091738719780556,-0.013750551205615797
SMNDC1,0.013179592862486747,0.014438861449476518,-0.013909516477048633
CBLB,-0.026982718438285928,0.003582341074047091,-0.01406585323518024
TPM1,-0.02947018442769981,0.008342369915202503,-0.014079115367192935
EPB41L2,0.032205249527348656,0.04050690820693058,-0.014137271034055163
MPC2,-0.029767086563618313,0.007593485712503105,-0.01446228105548214
MAP7,0.07395491216553146,-0.007125309274748326,-0.014470799272129567
TATDN2,0.0,-0.014682164785068777,-0.014544751272600121
STX4,0.0,-0.014699966148263601,-0.014562386029039122
ALAS1,0.0067643518369608835,0.021014853694421704,-0.014630504966821146
TGFB3,0.02437734895829851,-0.08183990336881607,-0.014644957342351526
SENP6,0.028339440322481833,0.017987951343015927,-0.014667247553458067
TLR4,-0.028131807450320127,0.0034790932650833966,-0.014738977304243806
PIK3C2B,-0.009759216193653783,-0.11480881661941106,-0.014799340399069836
SH3BP5,0.0,-0.006297119230772206,-0.014823578545440922
ABCB6,-0.012487159632879996,-0.08394266408035682,-0.014844334999468118
PLOD3,0.020091175356895447,-0.003464450121924462,-0.014956197994557715
RB1,0.010695810249722685,0.015915527258370064,-0.015358321289576444
AKAP8L,-0.018328453942523193,0.026151698336391204,-0.015392335377699719
PAFAH1B1,-0.001485536026365216,0.012160452114726546,-0.015514742258713413
UGDH,0.028596155092935463,0.0069013619227014135,-0.015784594902311065
UFM1,-0.012015493727392579,0.030931098512055197,-0.015797284693306955
ATP11B,0.009964299803090446,0.04174560469487316,-0.015851074303384432
RAB21,0.005968445771036112,0.001282245015210273,-0.015955807556893704
RAP1GAP,0.15484468668019738,-0.15971483197374536,-0.01614392727878953
CSNK2A2,0.011515892272912784,0.045994576025662766,-0.016188902177091187
HERC6,0.009372555882269942,-0.01545526649829309,-0.016270727173320353
HSPB1,0.08922592598709937,-0.004603852449174229,-0.01630207040746611
SHB,0.04018218380311279,-0.033085710286880864,-0.016326668660450887
BNIP3L,-0.00949029905234456,0.026538068113136304,-0.016328525895814603
NFATC4,0.0,-0.056443835664553826,-0.01635335981027536
MTFR1,-0.013800572544305879,0.0439848944623668,-0.016879778114549458
CLTB,0.007267443393522419,0.017816687263325717,-0.017059351590624525
ATP2C1,0.0,-0.01728555375615877,-0.017123774570911167
NFKBIA,0.018240846010684885,-0.04944519890053753,-0.017385674408612432
FYN,0.0,-0.017600786874858797,-0.017436057355602472
LRP10,-0.02139779615617209,0.009312588689344578,-0.017550118345057174
MAPK13,-0.02835854530060015,-0.005907167427103715,-0.017585357907435133
ZNF451,0.022245066175755373,-0.016303396962136774,-0.01770448964334471
KTN1,0.08533674083102988,0.06402744084111994,-0.017748197386493348
DMAC2L,-0.009190027467061487,0.0245825124505597,-0.017831337814341652
PPP2R5A,0.0005620075369820974,-0.007615393651231608,-0.018005669137445824
LGALS8,0.0,-0.018451377866387446,-0.01827868748457909
MNAT1,-0.00593215893889048,0.0181647979214092,-0.018319015060139145
APOE,0.045331665344500165,-0.03698116220434119,-0.018319147803591795
CFLAR,-0.008201160253079194,0.010686776657855265,-0.018391421837416058
ERO1A,0.01318579828415627,0.0487032652874191,-0.018655577748648434
EAPP,-0.00334691431391074,0.013732387483482,-0.018720242987996162
SLC11A2,-0.06724911705128471,0.011773604146732026,-0.019002351948763447
MAP4K4,0.0223680192767229,0.01202889845045899,-0.01941323064995198
GPER1,0.0,-0.06735850393129535,-0.019515644854767995
DNM1,0.0,-0.0673835361653564,-0.01952289739396268
SNX13,-0.02073152715787247,0.005794868738859518,-0.0202011976675552
SCYL3,0.0,-0.02043617921591742,-0.020244912654847767
CDKN1B,0.0,-0.0343468393483342,-0.020484550890273845
P4HA2,0.027803070520501492,-0.004680233068000361,-0.020584096952854077
SCAND1,-0.03995105942791243,0.0060517631476319465,-0.020609508424663803
ATP1B1,0.02342610585648088,0.014994383496717384,-0.020704986983343148
CLTC,-0.0009171254257689539,0.023312808715567818,-0.0207512057793693
PSMD2,0.006799945797331161,0.00991460019582232,-0.02084617786222192
NFKBIE,-0.006825291869963425,0.004571348515769527,-0.020866658550849383
MINDY1,0.029504301401372234,-0.03463982517069898,-0.020868054023963134
TOMM70,0.0012416064890105006,0.020468653865217977,-0.021088678632303355
PTPRK,-0.015594816209226875,0.04750586017586773,-0.021220371870714957
IKBKB,0.015427366241226462,-0.016838139081079853,-0.02122768864875536
KDM5A,0.011620468424793206,0.044313259499828214,-0.02123430911581883
KAT6B,0.05646776216495189,0.01121309457591411,-0.021281406019960786
TERF2IP,0.009983947421697803,0.009613568136330252,-0.021703160892379232
HOOK2,0.02439041225216666,-0.06286328124658888,-0.02196200940829915
FOSL1,0.05661243564100303,0.015840171692285736,-0.022027182739859305
CHIC2,-0.008303693285985094,-0.0037036123016752844,-0.022108041054219783
PPP1R13B,0.05094765337725679,-0.0035152627052413388,-0.022252959076095286
NCOA3,0.02282496535409112,0.04767263672981987,-0.022436301452220628
GNA11,0.0018838313297390309,0.009184235970689588,-0.022576406725263176
CCNH,-0.0008228364525338325,0.014919898836323412,-0.022768208256291007
TM9SF2,-0.020628285935106613,0.0030352213867641756,-0.022805828803457995
CARMIL1,0.022152422683134654,-0.04487742374161235,-0.02308775107359936
GFPT1,0.008924767060359665,0.06190266553653693,-0.023141719793842327
STX1A,0.02217565144726501,0.013096614736025797,-0.023278825476441004
KLHDC2,-0.038617220993321356,-0.008709496049850654,-0.024139633562455597
FUT1,0.03419555682497115,-0.004628549242973528,-0.024199586970743616
VGLL4,-0.03429909771671068,-0.04429142953050918,-0.024203148877703157
SPEN,-0.01826612222527378,-0.013788433185166604,-0.02422429209507358
CASP10,0.028183649852234986,-0.043571239960265074,-0.024301237942668932
JMJD6,0.03761962320644651,0.05687758140191311,-0.02432178138472914
INPP1,0.0,-0.024657603748103243,-0.024426827974251906
ABCC5,0.0,-0.014499747134796494,-0.02486347741780263
PTGS2,-0.050529763437315245,-0.02521215376588192,-0.024980547347364303
CTSL,0.02256737307040781,-0.01857473393467813,-0.025387708602993105
RHEB,-0.012450646257192782,0.0056735345022522555,-0.025417513219714548
PPARG,0.0821560567698381,-0.04023334720015732,-0.02543891813961888
HK1,0.012255200214956649,0.04073728485946367,-0.025597923950349055
PEX11A,0.004336358927285497,-0.022893585802729963,-0.025730000038753496
PLCB3,0.04159774757667583,-0.041043035579624604,-0.026206332343540785
SYNGR3,0.0,-0.09051972662422292,-0.026226099661460365
CTSD,0.003039520855554672,0.004583907184675651,-0.026274340130239097
STXBP1,0.045825053659477595,-0.009136898156095169,-0.026369665551881298
LPGAT1,-0.027136329487349405,0.007626055572676241,-0.02640162398652869
ETS1,0.0037052322514567874,0.013852339124010961,-0.026455784049980873
KDELR2,-0.025321658338180272,0.005260611359783552,-0.02647419026055155
EXT1,0.0078074662954779935,0.010740500720324567,-0.026592153852828895
RAB31,0.005643981536065675,0.000678740332657915,-0.026706089630289833
NR1H2,-0.028562714221742787,0.00902909090516957,-0.026796587589438103
THAP11,-0.008968121859486651,-0.033448657062626015,-0.027289427778731272
ATP6V0B,-0.024278512874985805,-0.011330463992954379,-0.027690096123020407
RGS2,0.05924337105360737,0.0663928101901336,-0.027753794229401902
FBXO7,-0.005438323092756977,-0.00020268828162683185,-0.027938855703401544
TXNL4B,0.02840784102720487,0.029151538830007536,-0.028163806286388267
LGMN,0.007700813603774861,0.017983926442777548,-0.028894759930394937
IGF2BP2,0.025305133821981605,0.014651997503543866,-0.029866667193784113
PACSIN3,0.0029195421135667747,0.0006295599871782418,-0.029893995956650782
TES,0.0008494545673295648,-0.016944817647093893,-0.030406838651329548
ZNF131,0.0027540287763442813,-0.003657442796172586,-0.030640297879232458
DNAJB6,0.004971554274341667,-0.01733512851413183,-0.03104036560178106
PIK3C3,-0.0023208302436900346,0.00551448355258627,-0.03129539440610951
KEAP1,0.0,-0.039425253396644634,-0.0313398300348127
TLK2,0.029483347482106233,0.011906598902052435,-0.03137477785474969
FOXJ3,0.004042661027930262,-0.008007969530685015,-0.03165187812733394
USP14,0.01844457635701314,0.003999406624410789,-0.03181804228258581
CGRRF1,0.003313142875697475,0.006515546664445079,-0.032720379506920395
PRR7,0.0,-0.11315780101803222,-0.03278498375597685
YME1L1,0.0043063668625202365,0.022959241573568608,-0.03305017688069325
CSNK1A1,0.0023806456799691845,0.0019475280817623493,-0.033058648681523896
CAB39,0.005977081905498815,0.009405532760007418,-0.0331392910333898
MCUR1,0.018955261916407427,0.0126707838906591,-0.034979268436474545
JUN,0.016566278203856984,0.004891808053219128,-0.03657216008790529
UBR7,-0.022169975887320982,0.008048471497650901,-0.036591970939639874
TSPAN3,0.0015969643993089513,0.001331663063238036,-0.03678082203241805
HYOU1,-0.00835947880680231,0.01755439856378013,-0.03679733337469958
WIPF2,0.013982477901544102,0.011702723943311016,-0.03687259201832787
SLC35A1,0.022962795229902598,-0.04378281804808202,-0.03692938725176614
TRAK2,-0.009662192352948112,0.029896282036546182,-0.037147281739040604
RPN1,-0.014811280579109838,0.010702256930596456,-0.03839112314168219
IGHMBP2,0.02818388901506444,0.00894116507515507,-0.038934799150040555
KLHL21,0.02938466037073621,-0.03460311563528436,-0.039437668736251576
COL1A1,0.124870807783889,-0.0646389791009848,-0.03967557896088729
ARID5B,0.035289617090364996,0.0692523593691205,-0.04001538789530967
HSPA8,0.07361197414978733,0.002075281151233967,-0.04016750935954978
NUCB2,0.03808687724295174,0.02825870370211015,-0.04017985889033972
SPTAN1,0.06982596044106636,0.02150685935567944,-0.04025053319990722
ADRB2,0.057284642392782116,-0.11355938325338313,-0.04081498211353904
RAD9A,-0.04197684419845505,-0.008143162122538275,-0.04126658666021525
NFKB2,0.024003179092998258,0.04904764892903261,-0.04164335389996722
EDEM1,-0.03498561629395972,0.0020851693810811133,-0.04171264277449436
DUSP3,-0.008522584231430489,-0.014291788589249487,-0.04181800525064942
GPC1,0.021655173616394276,-0.014287313334711437,-0.04198209156393871
RHOA,0.018686165977415167,0.00038449747873786167,-0.0423963616793163
TENT4A,-0.0001675785756355188,-0.02196336499890057,-0.042749106242819766
RELB,0.011621323501885944,0.02298598769815232,-0.0427851796684165
FOXO4,0.0,0.019615816812388328,-0.043234450229164105
FBXO11,0.044509468637184905,0.01177857865766742,-0.045458458927824845
TBXA2R,0.036400145644563855,-0.0496717859674214,-0.04628395522330781
CYTH1,0.016163018714734034,-0.0025712627029386525,-0.04641999994911815
BAG3,0.09647354426201371,0.05828890362420679,-0.04709765375112139
ICAM1,0.04076713653774056,0.050397960752495405,-0.0480022928194264
FOS,0.06175786500248444,0.09103854204973887,-0.04919733923059798
SPDEF,0.23909467889274236,-0.03178451014689779,-0.04931848586056145
SQSTM1,-0.04026988467929826,-0.002459211849491493,-0.04940582579777387
NIT1,0.0,0.0,-0.04945546164432306
FAT1,-0.06092304553408078,0.05302623334240038,-0.049646588402188156
ABHD6,-0.017692478089376223,0.001328733813453698,-0.049648276892376025
INPP4B,0.052407688117620296,0.03521535268209958,-0.05054488548335896
ADGRG1,0.058614832567301385,-0.0020185237831732454,-0.051048169624489693
CDKN1A,-0.02747458338222371,-0.007524592657994229,-0.05130929946017775
NFE2L2,0.021151589574784923,0.0016804327549679464,-0.05135007209177314
HMOX1,-0.037837358833062947,-0.07512222640408163,-0.05153556107007355
MCOLN1,-0.004160370192469504,-0.018552343649461227,-0.05190651503465789
SOCS2,0.020100390571926727,-0.035914259973774565,-0.05290238799127511
ERBB3,0.0,-0.18455159675159633,-0.05346976564767724
PLEKHM1,0.0029688001483933976,-0.003767468602202192,-0.054399132620038
DYNLT3,0.01882745812657498,0.0334032292537953,-0.0549774238316053
SYNE2,0.0,0.0,-0.05659263371727113
DMTF1,0.004661768262851669,0.01957811411927307,-0.05714458612976212
MICALL1,0.0501548731068081,0.028874059193310632,-0.05754764313424895
TESK1,0.03579343038080377,0.0028382422067857057,-0.05759128759563566
MALT1,0.013920486382993535,0.009992001743624168,-0.058979681594593894
NFKBIB,0.020858698618381494,0.045805453729581835,-0.06032279554420066
PHGDH,0.008492294345915141,-0.02187817391638617,-0.06435876560050356
GLRX,0.004228133339180806,0.0035596892809642094,-0.06481775570916261
MTHFD2,0.006225613242414119,0.012923233030951536,-0.06691677557191276
NPC1,0.04095698015014141,0.049636561062556726,-0.068616502863197
ABHD4,-0.016732472010101328,-0.011949901259442258,-0.06917917142881623
SRC,0.020018850677748386,0.02436360436774985,-0.06954075145615175
PCK2,0.0037626269817024097,-0.01420056265148262,-0.07167080239125782
DUSP4,-0.054042599390757444,-0.004416067881032204,-0.07199946953119785
C2CD2L,0.01725622139504015,0.01143149070937627,-0.07231061432533785
GADD45A,0.03250170400277746,-0.011580977985911518,-0.07266260361612072
TICAM1,0.053199332170148314,0.017113268326706316,-0.07326303204889309
SLC1A4,-0.009889425420603441,-0.05099283862495308,-0.07388210200801922
GADD45B,-0.0031094527446436015,0.0025461848511394818,-0.07429090462242988
ID2,0.027970659639486504,-0.06712418874047232,-0.07674297661965743
TBX2,0.12395037221419691,0.15502024389869348,-0.07958223549985462
FZD7,0.01290684476429142,0.030665003937333676,-0.08030300795966876
DNAJB1,0.1110773983183709,0.07691143621709508,-0.08159633596701987
ZNF274,0.059801176236728495,0.040156759374445836,-0.08169186862369894
XBP1,0.010414073647478142,-0.0010348914168782355,-0.08452813715573987
NFIL3,0.04151561181643881,-0.025131309332347692,-0.08953586099502822
PMAIP1,-0.029826073440095847,-0.03202627793853849,-0.09066207973262998
TFAP2A,-0.005414741612934259,0.04777710195007111,-0.09255269350267206
DDIT4,-0.036584213350649264,-0.054172982726850824,-0.0985760052458537
CEBPA,-0.007832465013656108,-0.06410815317738403,-0.10543141168250379
CD58,0.028102764760796865,-0.036708168224582415,-0.11491874308198448
KCNK1,0.07806193405619401,-0.016247261811611725,-0.12656877994227234
HERPUD1,-0.027864865073777837,0.00520865886394838,-0.1449966561554984
TSC22D3,0.12136288975221367,-0.05944065837932175,-0.1490037440128834
CXCL2,-0.026390722812373507,0.19077119201233264,-0.15105753951642867
CHAC1,-0.08243074219680785,-0.08190579746677679,-0.1519536663009213
SFN,0.20828071759323924,-0.03862686900057332,-0.15773386752690433
HSPA1A,0.12391979725875092,0.12645916969631615,-0.1883537049957092
TRIB3,-0.007095054871454329,0.021908355703527747,-0.18904844324410738
